"The Legal Te";""
"Self-defense";""
"The Act defi";""
"Q4: How will";""
"Introducing";""
"Toxic Free K";""
"Vermont law";""
"Vietnam's Fo";""
"In the Unite";""
"Name of Russ";""
"Outside the";""
"Mr. Russel s";""
"Propylene Gl";""
"Note that pr";""
"un·com·pro·m";""
"But when enr";""
"The National";""
"Manila worri";""
"Essential he";""
"The Philippi";""
"You can find";""
"Superintende";""
"Nancy Remsen";""
"We tend to s";""
"Industrial-g";""
"Food Industr";""
"To me, the f";""
"Russia is bu";""
"If you, or s";""
"We are going";""
"“The people";""
"Masked men";""
"... the Phil";""
"What if I ca";""
"MAIN SPONSOR";""
"4 days ago .";""
"It also sets";""
"So we agree";""
"not willing";""
"Foreign Affa";""
"Last Updated";""
"For related";""
"And these s";""
"This Article";""
"A group of f";""
"Ronnie Cummi";""
"We would lik";""
"The summer c";""
"Vermont's GM";""
"Title: Rossi";""
"Russia is pl";""
"Rui Patricio";""
"Important no";""
"Then we mus";""
"But critics";""
"the way. The";""
"WSJ India ·";""
"Servidor Vir";""
"Issue: You w";""
"... end of e";""
"California l";""
"According to";""
"The Attorney";""
"“On the one";""
"The right of";""
"As the work";""
"UN recognize";""
"? Medicare g";""
"This is the";""
"Mr X has a g";""
"Foods sold i";""
"Learn whethe";""
"There is no";""
"Every person";""
"Ask the Expe";""
"self–de·fens";""
"What benefit";""
"SkyTeam Elit";""
"Rossiya —n.";""
"Any viewer c";""
"Will all sta";""
"Learn if you";""
"If you do no";""
"CheapTubes.c";""
"Very Fast Ve";""
"A payment ho";""
"Summary BURL";""
"FAQ's Health";""
"Persons who";""
"WSJ X - Invi";""
"Rossiya or R";""
"The Russian";""
"A nearly suc";""
"Medicare eli";""
"Who is Eligi";""
"Welcome to t";""
"RT is the fi";""
"Large Group";""
"Although Ukr";""
"R.A.D. ADVAN";""
"Welcome to B";""
"an Essential";""
"1 forward, y";""
"For Russian";""
"Answer: An e";""
"If you are i";""
"Texas is uti";""
"“Yanukovych";""
"Essential Be";""
"The school w";""
"The South Ch";""
"Q: What is W";""
"Manufacturer";""
"Russia''s Ne";""
"None of the";""
"If my employ";""
"Definition o";""
"As a note: I";""
"Attorney Gen";""
"What is an E";""
"In the movie";""
"Our Scientif";""
"Vermont sign";""
"Can administ";""
"Eisler's Enc";""
"“It's a time";""
"When will re";""
"Titan Elite";""
"John C. Scot";""
"1993 yılında";""
"Last month,";""
"The Affordab";""
"It seems fit";""
"1 day ago ..";""
"“Where can I";""
"Where Can I";""
"Plane Finder";""
"Under Sectio";""
"Becoming Cle";""
"His proposal";""
"Posted by: C";""
"If you are e";""
"2 days ago .";""
"Ukraine Laun";""
"Russia's new";""
"The state Le";""
"The Grocery";""
"Rossiya-24,";""
"... vehicles";""
"He was uncom";""
"The exchange";""
"Six Easy Ste";""
"The report a";""
"Schilling sa";""
"“Measures ar";""
"“The Right o";""
"Vermont gov";""
"Writers on t";""
"But many in";""
"An Internet";""
"McLaughlin &";""
"12 The [unco";""
"... a plausi";""
"Relations ha";""
"The statemen";""
"Exchange Stu";""
"uncompromisi";""
"THE ASSOCIAT";""
"But it was u";""
"Lawsuit Chal";""
"increases in";""
"“Provocateur";""
"... plants i";""
"The entire p";""
"The events c";""
"Summary Hund";""
"HPFS® Fused";""
"6 days ago .";""
"the act of d";""
"And if Ameri";""
"The Lack of";""
"Healthy peop";""
"We Agree: Cr";""
"... right to";""
"5 days ago .";""
"The governme";""
"Summary MONT";""
"Am I require";""
"By Associate";""
"“We're havin";""
"“The Vermont";""
"Separately,";""
"Bowe Bergdah";""
"Through incr";""
"China Demand";""
"Two Russian";""
"on each requ";""
"Here are res";""
"The suit was";""
"The PAK-FA,";""
"If I apply a";""
"“On the othe";""
"“It would be";""
"En Español.";""
"3 Both count";""
"in the emplo";""
"The Vermont";""
"Reporter Igo";""
"Justin Chadw";""
"Posts about";""
"Russia Claim";""
"Dozens of ar";""
"not admittin";""
"Personal Def";""
"Challengers";""
"In the past";""
"Starting on";""
"Rossiya Airl";""
"several reas";""
"How will the";""
"Vermont is o";""
"So we agree,";""
"The right to";""
"Of the jets";""
"Since the fo";""
"42 CFR 447.9";""
"Bitch train";""
"“We agree, w";""
"Chorus: ""We";""
"Vermont's m";""
"How can I he";""
"Employees an";""
"There are lo";""
"MONTPELIER,";""
"A Very Dange";""
"Plans of Cor";""
"The existenc";""
"This website";""
"Ukraine's Pr";""
"Every U.S.";""
"Rossiya, Ros";""
"As states pr";""
"Posted by: R";""
"... Communit";""
"Using an exc";""
"Peter Shumli";""
"Jul 17, 2008";"2008.07.17"
"Jan 15, 2009";"2009.01.15"
"Feb 13, 2009";"2009.02.13"
"Feb 27, 2009";"2009.02.27"
"2010-01-29T14:09-05:00";"2010.01.29"
"Jan 29, 2010";"2010.01.29"
"Dec 6, 2010";"2010.12.06"
"Feb 8, 2011";"2011.02.08"
"2011-02-17T14:12:51+00:00";"2011.02.17"
"Feb 17, 2011";"2011.02.17"
"Mar 25, 2011";"2011.03.25"
"Mar 30, 2011";"2011.03.30"
"Apr 25, 2011";"2011.04.25"
"Jun 8, 2011";"2011.06.08"
"Jun 21, 2011";"2011.06.21"
"Jul 12, 2011";"2011.07.12"
"Oct 4, 2011";"2011.10.04"
"Apr 10, 2012";"2012.04.10"
"Apr 11, 2012";"2012.04.11"
"May 1, 2012";"2012.05.01"
"May 31, 2012";"2012.05.31"
"Sep 7, 2012";"2012.09.07"
"Nov 1, 2012";"2012.11.01"
"Nov 30, 2012";"2012.11.30"
"Jan 14, 2013";"2013.01.14"
"Jan 28, 2013";"2013.01.28"
"Jan 29, 2013";"2013.01.29"
"Apr 10, 2013";"2013.04.10"
"Apr 22, 2013";"2013.04.22"
"May 10, 2013";"2013.05.10"
"May 13, 2013";"2013.05.13"
"May 28, 2013";"2013.05.28"
"Jun 2, 2013";"2013.06.02"
"Jun 14, 2013";"2013.06.14"
"2013-06-14T23:18:00+00:00";"2013.06.14"
"Jun 28, 2013";"2013.06.28"
"2013-06-28";"2013.06.28"
"The T-50 wil";""
"Jul 20, 2013";"2013.07.20"
"Aug 21, 2013";"2013.08.21"
"Sep 13, 2013";"2013.09.13"
"Sep 14, 2013";"2013.09.14"
"Sep 15, 2013";"2013.09.15"
"Sep 16, 2013";"2013.09.16"
"Sep 17, 2013";"2013.09.17"
"Sep 18, 2013";"2013.09.18"
"Sep 20, 2013";"2013.09.20"
"Sep 23, 2013";"2013.09.23"
"Sep 24, 2013";"2013.09.24"
"Sep 25, 2013";"2013.09.25"
"2013-09-27T16:45:16+00:00";"2013.09.27"
"Sep 27, 2013";"2013.09.27"
"Sep 29, 2013";"2013.09.29"
"2013-09-30T07:00-04:00";"2013.09.30"
"Sep 30, 2013";"2013.09.30"
"2013-10-03T13:14:33+00:00";"2013.10.03"
"Oct 3, 2013";"2013.10.03"
"Oct 7, 2013";"2013.10.07"
"Oct 11, 2013";"2013.10.11"
"2013-10-11";"2013.10.11"
"2013-10-11T18:00:27+00:00";"2013.10.11"
"Oct 14, 2013";"2013.10.14"
"2013-10-18";"2013.10.18"
"2013-10-18T11:55:28";"2013.10.18"
"Oct 18, 2013";"2013.10.18"
"Oct 23, 2013";"2013.10.23"
"Oct 30, 2013";"2013.10.30"
"2013-11-04T07:00:00-04:00";"2013.11.04"
"2013-11-05T10:47:52-04:00";"2013.11.05"
"Nov 16, 2013";"2013.11.16"
"Dec 6, 2013";"2013.12.06"
"Dec 11, 2013";"2013.12.11"
"2013-12-12";"2013.12.12"
"2013-12-12T17:56:46Z";"2013.12.12"
20131212194712;"2013.12.12"
"2013-12-12T19:50EST";"2013.12.12"
"December 12, 2013";"2013.12.12"
"Dec 12, 2013";"2013.12.12"
20131212;"2013.12.12"
"Dec 13, 2013";"2013.12.13"
"2013-12-13T00:50:16Z";"2013.12.13"
"2013-12-13";"2013.12.13"
"2013-12-13T00:59:23Z";"2013.12.13"
"2013-12-13T08:18:04+00:00";"2013.12.13"
"2013-12-13T00:46:25Z";"2013.12.13"
"2013-12-13T14:48:46+00:00";"2013.12.13"
"2013-12-13T08:15:39+00:00";"2013.12.13"
"Dec 14, 2013";"2013.12.14"
"2013-12-14T00:56:47+00:00";"2013.12.14"
"2013-12-14T16:39:36+00:00";"2013.12.14"
"2013-12-14T01:05:41+00:00";"2013.12.14"
"2013-12-15";"2013.12.15"
20131216030001;"2013.12.16"
"2013-12-17T17:38:45+00:00";"2013.12.17"
"Dec 18, 2013";"2013.12.18"
"Dec 19, 2013";"2013.12.19"
"2013-12-19T22:16:41+00:00";"2013.12.19"
"Dec 20, 2013";"2013.12.20"
"Dec 30, 2013";"2013.12.30"
"Dec 31, 2013";"2013.12.31"
"Jan 1, 2014";"2014.01.01"
"Jan 2, 2014";"2014.01.02"
"Jan 15, 2014";"2014.01.15"
"Jan 16, 2014";"2014.01.16"
"Jan 23, 2014";"2014.01.23"
"Jan 28, 2014";"2014.01.28"
"Feb 1, 2014";"2014.02.01"
"Feb 7, 2014";"2014.02.07"
"Feb 11, 2014";"2014.02.11"
"Feb 13, 2014";"2014.02.13"
"Feb 18, 2014";"2014.02.18"
"Feb 19, 2014";"2014.02.19"
"Feb 21, 2014";"2014.02.21"
"2014-02-21T06:13:17+00:00";"2014.02.21"
"Feb 22, 2014";"2014.02.22"
"2014-02-23T00:08:52+00:00";"2014.02.23"
"Feb 23, 2014";"2014.02.23"
"2014-02-24T19:01:32+00:00";"2014.02.24"
"Feb. 24, 2014";"2014.02.24"
"2014-02-24T16:22:00+0400";"2014.02.24"
"2014-02-24";"2014.02.24"
"Feb 24, 2014";"2014.02.24"
20140224;"2014.02.24"
20140224084935;"2014.02.24"
"2014-02-24T16:55:00+0400";"2014.02.24"
"2014-02-25T20:51:45+00:00";"2014.02.25"
"2014-02-25T00:35:26+00:00";"2014.02.25"
"Feb 25, 2014";"2014.02.25"
"2014-02-26T23:12:23+00:00";"2014.02.26"
"Feb 26, 2014";"2014.02.26"
20140226093819;"2014.02.26"
"2014-02-26T09:51:47Z";"2014.02.26"
"Feb. 26, 2014";"2014.02.26"
"2014-02-26T16:59:41+00:00";"2014.02.26"
"2014-02-26T13:29EST";"2014.02.26"
"2014-02-26";"2014.02.26"
20140226;"2014.02.26"
"2014-02-26T23:07:20+00:00";"2014.02.26"
"2014-02-27T10:19:29+00:00";"2014.02.27"
20140227063140;"2014.02.27"
"2014-02-27T06:53:52+00:00";"2014.02.27"
"2014-02-27T01:14:47Z";"2014.02.27"
"2014-02-27T22:07:45+00:00";"2014.02.27"
"Feb 27, 2014";"2014.02.27"
"Feb. 27, 2014";"2014.02.27"
20140227072227;"2014.02.27"
"2014-02-27T14:06:01+00:00";"2014.02.27"
"2014-02-27T15:29:39+00:00";"2014.02.27"
"2014-02-27T13:13:38+00:00";"2014.02.27"
"2014-02-27T15:14:26Z";"2014.02.27"
"2014-02-27T13:44:54+00:00";"2014.02.27"
"2014-02-27";"2014.02.27"
"2014-02-27T13:52:52+00:00";"2014.02.27"
"2014-02-27T15:05:33+00:00";"2014.02.27"
"2014-02-27T10:23:29+00:00";"2014.02.27"
"2014-02-27T13:01:53+00:00";"2014.02.27"
20140227032747;"2014.02.27"
"2014-02-27T14:54:22+00:00";"2014.02.27"
20140227;"2014.02.27"
20140227085307;"2014.02.27"
"2014-02-27T11:42:01-05:00";"2014.02.27"
"2014-02-28T05:28:40+00:00";"2014.02.28"
20140228111508;"2014.02.28"
"2014-02-28T12:04:26Z";"2014.02.28"
"Feb 28, 2014";"2014.02.28"
20140228152244;"2014.02.28"
"2014-02-28";"2014.02.28"
"2014-02-28T22:30:52+00:00";"2014.02.28"
20140228130515;"2014.02.28"
20140228074522;"2014.02.28"
"Mar 1, 2014";"2014.03.01"
"2014-03-01T22:57:49+00:00";"2014.03.01"
"2014-03-02T00:43:57+00:00";"2014.03.02"
"2014-03-02T10:46:00+0400";"2014.03.02"
"Mar 2, 2014";"2014.03.02"
"Mar 3, 2014";"2014.03.03"
"2014-03-04T15:00:06+00:00";"2014.03.04"
"Mar 4, 2014";"2014.03.04"
"Mar 5, 2014";"2014.03.05"
"Mar 6, 2014";"2014.03.06"
"2014-03-07";"2014.03.07"
"Mar 7, 2014";"2014.03.07"
20140307120004;"2014.03.07"
"Mar 9, 2014";"2014.03.09"
"2014-03-09T00:23:17+00:00";"2014.03.09"
"Mar 10, 2014";"2014.03.10"
"Mar 11, 2014";"2014.03.11"
"Mar 14, 2014";"2014.03.14"
"Mar 15, 2014";"2014.03.15"
"Mar 20, 2014";"2014.03.20"
"Snapshot, March 20, 2014";"2014.03.20"
"Mar 23, 2014";"2014.03.23"
"Mar 26, 2014";"2014.03.26"
"Mar 28, 2014";"2014.03.28"
"Mar 30, 2014";"2014.03.30"
"Mar 31, 2014";"2014.03.31"
"2014-04-01";"2014.04.01"
"Apr 1, 2014";"2014.04.01"
"Apr 2, 2014";"2014.04.02"
"Apr 3, 2014";"2014.04.03"
"2014-04-03T12:53:02+00:00";"2014.04.03"
"Apr 4, 2014";"2014.04.04"
"2014-04-04T14:34:00+0400";"2014.04.04"
"Apr 8, 2014";"2014.04.08"
20140409151815;"2014.04.09"
"2014-04-09";"2014.04.09"
"2014-04-10T14:17:47+00:00";"2014.04.10"
"Apr 10, 2014";"2014.04.10"
"2014-04-10T15:56:21+00:00";"2014.04.10"
"Apr 12, 2014";"2014.04.12"
"Apr 13, 2014";"2014.04.13"
"Apr 14, 2014";"2014.04.14"
"Apr 15, 2014";"2014.04.15"
"Apr 16, 2014";"2014.04.16"
"Apr 17, 2014";"2014.04.17"
"Apr 18, 2014";"2014.04.18"
"2014-04-19T13:26:25Z";"2014.04.19"
"Apr 19, 2014";"2014.04.19"
"2014-04-20";"2014.04.20"
"2014-04-20T12:58:29Z";"2014.04.20"
"Apr 20, 2014";"2014.04.20"
"Apr 21, 2014";"2014.04.21"
"2014-04-22T17:45:17-04:00";"2014.04.22"
"Apr 22, 2014";"2014.04.22"
"2014-04-22";"2014.04.22"
"Apr 25, 2014";"2014.04.25"
"Apr 27, 2014";"2014.04.27"
"2014-04-27T21:10:45+00:00";"2014.04.27"
"Apr 28, 2014";"2014.04.28"
"Apr 30, 2014";"2014.04.30"
"2014-04-30";"2014.04.30"
"May 3, 2014";"2014.05.03"
"May 4, 2014";"2014.05.04"
"May 8, 2014";"2014.05.08"
"2014-05-08T16:14:47.2970000";"2014.05.08"
"2014-05-08T22:27:46.3770000";"2014.05.08"
"2014-05-08T22:23:05Z";"2014.05.08"
"2014-05-09T16:31:44+00:00";"2014.05.09"
"May 9, 2014";"2014.05.09"
"2014-05-09T08:05:42+00:00";"2014.05.09"
"2014-05-09T01:17:29Z";"2014.05.09"
"May 10, 2014";"2014.05.10"
"May 11, 2014";"2014.05.11"
"2014-05-11T00:07:56+00:00";"2014.05.11"
"May 12, 2014";"2014.05.12"
"2014-05-12T07:21:57+00:00";"2014.05.12"
"2014-05-12T10:35:08+00:00";"2014.05.12"
"May 13, 2014";"2014.05.13"
"2014-05-14T12:24:17+00:00";"2014.05.14"
"2014-05-15T19:08:20+00:00";"2014.05.15"
"May 16, 2014";"2014.05.16"
"May 17, 2014";"2014.05.17"
"May 19, 2014";"2014.05.19"
"May 20, 2014";"2014.05.20"
"May 21, 2014";"2014.05.21"
"2014-05-23T13:51:21+00:00";"2014.05.23"
"2014-05-27T16:32:50+00:00";"2014.05.27"
"May 27, 2014";"2014.05.27"
20140529;"2014.05.29"
20140529044848;"2014.05.29"
"May 29, 2014";"2014.05.29"
"2014-05-29";"2014.05.29"
"2014-05-30";"2014.05.30"
20140530151707;"2014.05.30"
"June 2014 ..";"2014.06.01"
"2014-06-02T04:00:00-04:00";"2014.06.02"
"Jun 2, 2014";"2014.06.02"
"2014-06-02T23:55:00+00:00";"2014.06.02"
"2014-06-03T13:21:05+00:00";"2014.06.03"
"2014-06-03T09:00:00+00:00";"2014.06.03"
"Jun 3, 2014";"2014.06.03"
"2014-06-04T14:42:45+00:00";"2014.06.04"
"Jun 4, 2014";"2014.06.04"
"2014-06-06T11:53:39+00:00";"2014.06.06"
"Jun 6, 2014";"2014.06.06"
"Jun 10, 2014";"2014.06.10"
"2014-06-11T11:15:47+05:30";"2014.06.11"
"2014-06-11T11:12:22+05:30";"2014.06.11"
"2014-06-12T20:58:17.1800000";"2014.06.12"
"Selecting th";""
"T.I.V.D - Th";""
"2014-06-12T20:57:47.2600000";"2014.06.12"
"06/12/2014 09:16 PM";"2014.06.12"
"06/12/2014 05:09 PM";"2014.06.12"
"2014-06-12T16:54:41.0000000";"2014.06.12"
"2014-06-13T17:47:09+00:00";"2014.06.13"
"2014-06-13T07:20-04:00";"2014.06.13"
"2014-06-13T11:17:17+00:00";"2014.06.13"
"2014-06-13T15:44:25+00:00";"2014.06.13"
"2014-06-13T21:49:01+00:00";"2014.06.13"
"2014-06-13T23:36:55+00:00";"2014.06.13"
"2014-06-13T16:07:40+01:00";"2014.06.13"
"2014-06-13";"2014.06.13"
"2014-06-13T07:00:47.9100000";"2014.06.13"
"2014-06-13T21:41:52+01:00";"2014.06.13"
"2014-06-13T07:53:58+00:00";"2014.06.13"
"2014-06-13T11:07EDT";"2014.06.13"
"2014-06-13T05:00:43+00:00";"2014.06.13"
"2014-06-15T06:56:54.8630000";"2014.06.15"
"2014-06-15T16:23:02+00:00";"2014.06.15"
"2014-06-15T00:00:00.0000000";"2014.06.15"
"2014-06-16T23:25:00.000Z";"2014.06.16"
"2014-06-16T17:49:24+00:00";"2014.06.16"
"2014-06-16T16:31:00.000Z";"2014.06.16"
"2014-06-16T14:00:51+00:00";"2014.06.16"
"2014-06-16T12:32:00.000Z";"2014.06.16"
"19 hours ago";"???"
"2014-06-17T15:44:03+00:00";"2014.06.17"
"9 hours ago";"???"
"6 hours ago";"???"
"2014-06-17T17:57:00+0400";"2014.06.17"
"14 hours ago";"???"
"2014-06-17";"2014.06.17"
"3 hours ago";"???"
"23 hours ago";"???"
"11 hours ago";"???"
"5 hours ago";"???"
"10 hours ago";"???"
"2014-06-17T23:20:00+0400";"2014.06.17"
"16 hours ago";"???"
"7 hours ago";"???"
"2014-06-17 03:36:00";"2014.06.18"
"Thu May 08 20:39:43 PDT 2014";"2014.06.08"
"2014-03-4";"2014.03.04"
"2014年6月2日 ..";"???"
"1. MEDICAID";""
"2014-06-16 05:39:00";"2014.06.16"
"Thu May 08 20:36:15 PDT 2014";"2014.06.08"
"2014/02/27 14:23:28";"2014.02.27"
"Paul Teodo.";""
"2014/04/27 21:23:35";"2014.04.27"
"“Act 120 imp";""
"2014年2月28日 .";"???"
"2014/04/15 23:41:55";"2014.04.15"
"2014-06-16 11:47:00";"2014.06.16"
"Big Food Dec";""
"She may file";""
"Updated: Jun";"???"
"Updated June";"???"
